{
  "conv": [
    0.7499999999999913,
    0.0,
    0.5624999999999934,
    0.2187499999999946,
    1.0,
    1.0
  ],
  "cvr": [
    0.9063670411985018,
    1.0,
    0.936329588014981,
    0.8838951310861421,
    0.8689138576779025,
    0.0
  ],
  "ctr": [
    1.0,
    0.8362573099415207,
    0.8421052631578944,
    0.7017543859649127,
    0.6140350877192986,
    0.0
  ],
  "eng": [
    0.3333333333333333,
    0.6666666666666666,
    0.3333333333333333,
    1.0,
    0.6666666666666666,
    0.0
  ],
  "cost": [
    0.0,
    0.5675675675675594,
    0.027027027027023785,
    0.8648648648648811,
    0.5135135135135119,
    1.0
  ]
}